{
    "loss": 24.88957405090332,
    "accuracy": 0.5686274766921997
}