{
    "loss": 14.149443626403809,
    "accuracy": 0.8039215803146362
}